{"cameraMode":{"drawMode":0,"name":"Shaded","section":"Shading Mode"},"sceneLighting":false,"audioPlay":false,"sceneViewState":{"showFog":true,"showMaterialUpdate":false,"showSkybox":false,"showFlares":true,"showImageEffects":true,"showParticleSystems":true},"in2DMode":false,"pivot":{"x":61.74590301513672,"y":-30.85540771484375,"z":125.3724594116211},"rotation":{"x":0.16678008437156678,"y":0.6084845662117004,"z":-0.13276079297065736,"w":0.7643988728523254},"size":88.7227783203125,"orthographic":false}