{"cameraMode":{"drawMode":0,"name":"Shaded","section":"Shading Mode"},"sceneLighting":false,"audioPlay":false,"sceneViewState":{"showFog":true,"showMaterialUpdate":false,"showSkybox":false,"showFlares":true,"showImageEffects":true,"showParticleSystems":true},"in2DMode":false,"pivot":{"x":-22.224903106689454,"y":-37.374778747558597,"z":168.76577758789063},"rotation":{"x":0.23272696137428285,"y":-0.13773369789123536,"z":0.03331633284687996,"w":0.9621630311012268},"size":99.96566009521485,"orthographic":false}