{"cameraMode":{"drawMode":0,"name":"Shaded","section":"Shading Mode"},"sceneLighting":false,"audioPlay":false,"sceneViewState":{"showFog":true,"showMaterialUpdate":false,"showSkybox":false,"showFlares":true,"showImageEffects":true,"showParticleSystems":true},"in2DMode":false,"pivot":{"x":0.8131543397903442,"y":2.116429328918457,"z":110.33341979980469},"rotation":{"x":0.33632415533065798,"y":-0.06320377439260483,"z":0.022631369531154634,"w":0.939350426197052},"size":31.224245071411134,"orthographic":false}