{"cameraMode":{"drawMode":0,"name":"Shaded","section":"Shading Mode"},"sceneLighting":false,"audioPlay":false,"sceneViewState":{"showFog":true,"showMaterialUpdate":false,"showSkybox":false,"showFlares":true,"showImageEffects":true,"showParticleSystems":true},"in2DMode":false,"pivot":{"x":575.3950805664063,"y":191.49166870117188,"z":86.48654174804688},"rotation":{"x":-0.10659283399581909,"y":0.2799769341945648,"z":-0.03130022808909416,"w":-0.9535571336746216},"size":451.8189697265625,"orthographic":false}