{"cameraMode":{"drawMode":0,"name":"Shaded","section":"Shading Mode"},"sceneLighting":false,"audioPlay":false,"sceneViewState":{"showFog":true,"showMaterialUpdate":false,"showSkybox":false,"showFlares":true,"showImageEffects":true,"showParticleSystems":true},"in2DMode":false,"pivot":{"x":8.91340160369873,"y":-37.9111442565918,"z":156.00608825683595},"rotation":{"x":0.30440813302993777,"y":0.15793471038341523,"z":-0.05125486105680466,"w":0.9379580616950989},"size":80.91736602783203,"orthographic":false}