{"cameraMode":{"drawMode":0,"name":"Shaded","section":"Shading Mode"},"sceneLighting":false,"audioPlay":false,"sceneViewState":{"showFog":true,"showMaterialUpdate":false,"showSkybox":false,"showFlares":true,"showImageEffects":true,"showParticleSystems":true},"in2DMode":false,"pivot":{"x":9.208968162536621,"y":-44.017295837402347,"z":137.84347534179688},"rotation":{"x":0.48660120368003847,"y":0.13292178511619569,"z":-0.07519277930259705,"w":0.8601727485656738},"size":88.7227783203125,"orthographic":false}