{"cameraMode":{"drawMode":0,"name":"Shaded","section":"Shading Mode"},"sceneLighting":false,"audioPlay":false,"sceneViewState":{"showFog":true,"showMaterialUpdate":false,"showSkybox":false,"showFlares":true,"showImageEffects":true,"showParticleSystems":true},"in2DMode":false,"pivot":{"x":-0.8556501865386963,"y":-8.124568939208985,"z":127.50593566894531},"rotation":{"x":0.2957379221916199,"y":0.023226851597428323,"z":-0.00719077605754137,"w":0.9549596309661865},"size":30.768945693969728,"orthographic":false}