{"cameraMode":{"drawMode":0,"name":"Shaded","section":"Shading Mode"},"sceneLighting":false,"audioPlay":false,"sceneViewState":{"showFog":true,"showMaterialUpdate":false,"showSkybox":false,"showFlares":true,"showImageEffects":true,"showParticleSystems":true},"in2DMode":false,"pivot":{"x":-5.981488227844238,"y":8.266239166259766,"z":-21.576021194458009},"rotation":{"x":-0.41327083110809328,"y":0.031939636915922168,"z":-0.014509547501802445,"w":-0.9099321961402893},"size":35.839332580566409,"orthographic":false}