{"cameraMode":{"drawMode":0,"name":"Shaded","section":"Shading Mode"},"sceneLighting":false,"audioPlay":false,"sceneViewState":{"showFog":true,"showMaterialUpdate":false,"showSkybox":false,"showFlares":true,"showImageEffects":true,"showParticleSystems":true},"in2DMode":false,"pivot":{"x":516.260009765625,"y":139.33001708984376,"z":0.0},"rotation":{"x":-0.049800872802734378,"y":-0.006903575733304024,"z":0.00034136627800762653,"w":-0.998735249042511},"size":454.8379211425781,"orthographic":false}