{"cameraMode":{"drawMode":0,"name":"Shaded","section":"Shading Mode"},"sceneLighting":false,"audioPlay":false,"sceneViewState":{"showFog":true,"showMaterialUpdate":false,"showSkybox":false,"showFlares":true,"showImageEffects":true,"showParticleSystems":true},"in2DMode":false,"pivot":{"x":-15.268302917480469,"y":-64.67453002929688,"z":219.86167907714845},"rotation":{"x":0.27786943316459658,"y":-0.0687863677740097,"z":0.019954273477196695,"w":0.9579451084136963},"size":164.30967712402345,"orthographic":false}