{"cameraMode":{"drawMode":0,"name":"Shaded","section":"Shading Mode"},"sceneLighting":false,"audioPlay":false,"sceneViewState":{"showFog":true,"showMaterialUpdate":false,"showSkybox":false,"showFlares":true,"showImageEffects":true,"showParticleSystems":true},"in2DMode":false,"pivot":{"x":-32.93412399291992,"y":-64.34259796142578,"z":196.666259765625},"rotation":{"x":0.28494128584861758,"y":-0.1795009970664978,"z":0.054412588477134708,"w":0.9400144815444946},"size":135.04771423339845,"orthographic":false}