{"cameraMode":{"drawMode":0,"name":"Shaded","section":"Shading Mode"},"sceneLighting":false,"audioPlay":false,"sceneViewState":{"showFog":true,"showMaterialUpdate":false,"showSkybox":false,"showFlares":true,"showImageEffects":true,"showParticleSystems":true},"in2DMode":false,"pivot":{"x":-107.71459197998047,"y":-132.3107452392578,"z":186.28273010253907},"rotation":{"x":0.3420276343822479,"y":-0.42230430245399477,"z":0.17597801983356477,"w":0.8207971453666687},"size":211.1262664794922,"orthographic":false}