{"cameraMode":{"drawMode":0,"name":"Shaded","section":"Shading Mode"},"sceneLighting":false,"audioPlay":false,"sceneViewState":{"showFog":true,"showMaterialUpdate":false,"showSkybox":false,"showFlares":true,"showImageEffects":true,"showParticleSystems":true},"in2DMode":false,"pivot":{"x":-7.190000057220459,"y":1.2400001287460328,"z":-35.35000228881836},"rotation":{"x":-0.3626149892807007,"y":-0.1767943948507309,"z":0.07026665657758713,"w":-0.9123139381408691},"size":2.8578941822052,"orthographic":false}